Workbook

Sheet Inventario
A1: CONTROL DE INVENTARIO
A2: Registra tus productos aquí y cada entrada/salida en la hoja 'Movimientos'. El stock se actualiza solo.
A4: Código | B4: Producto | C4: Categoría | D4: Costo unitario | E4: Precio de venta | F4: Stock inicial | G4: Entradas | H4: Salidas | I4: Stock actual | J4: Stock mínimo | K4: Alerta | L4: Valor del inventario
A5: P001 | B5: Arroz 500 g | C5: Granos | D5: 1800 | E5: 2500 | F5: 30 | G5: =IF($A5="","",SUMIFS(Movimientos!$E$5:$E$504,Movimientos!$B$5:$B$504,$A5,Movimientos!$D$5:$D$504,"Entrada")) -> 20 | H5: =IF($A5="","",SUMIFS(Movimientos!$E$5:$E$504,Movimientos!$B$5:$B$504,$A5,Movimientos!$D$5:$D$504,"Salida")) -> 5 | I5: =IF($A5="","",F5+G5-H5) -> 45 | J5: 10 | K5: =IF($A5="","",IF(I5<=J5,"REPONER","")) | L5: =IF($A5="","",I5*D5) -> 81000
A6: P002 | B6: Aceite 1 L | C6: Aceites | D6: 8500 | E6: 11000 | F6: 12 | G6: =IF($A6="","",SUMIFS(Movimientos!$E$5:$E$504,Movimientos!$B$5:$B$504,$A6,Movimientos!$D$5:$D$504,"Entrada")) -> 0 | H6: =IF($A6="","",SUMIFS(Movimientos!$E$5:$E$504,Movimientos!$B$5:$B$504,$A6,Movimientos!$D$5:$D$504,"Salida")) -> 2 | I6: =IF($A6="","",F6+G6-H6) -> 10 | J6: 5 | K6: =IF($A6="","",IF(I6<=J6,"REPONER","")) | L6: =IF($A6="","",I6*D6) -> 85000
A7: P003 | B7: Jabón de baño | C7: Aseo | D7: 2200 | E7: 3200 | F7: 24 | G7: =IF($A7="","",SUMIFS(Movimientos!$E$5:$E$504,Movimientos!$B$5:$B$504,$A7,Movimientos!$D$5:$D$504,"Entrada")) -> 0 | H7: =IF($A7="","",SUMIFS(Movimientos!$E$5:$E$504,Movimientos!$B$5:$B$504,$A7,Movimientos!$D$5:$D$504,"Salida")) -> 0 | I7: =IF($A7="","",F7+G7-H7) -> 24 | J7: 8 | K7: =IF($A7="","",IF(I7<=J7,"REPONER","")) | L7: =IF($A7="","",I7*D7) -> 52800
G8: =IF($A8="","",SUMIFS(Movimientos!$E$5:$E$504,Movimientos!$B$5:$B$504,$A8,Movimientos!$D$5:$D$504,"Entrada")) | H8: =IF($A8="","",SUMIFS(Movimientos!$E$5:$E$504,Movimientos!$B$5:$B$504,$A8,Movimientos!$D$5:$D$504,"Salida")) | I8: =IF($A8="","",F8+G8-H8) | K8: =IF($A8="","",IF(I8<=J8,"REPONER","")) | L8: =IF($A8="","",I8*D8)
G9: =IF($A9="","",SUMIFS(Movimientos!$E$5:$E$504,Movimientos!$B$5:$B$504,$A9,Movimientos!$D$5:$D$504,"Entrada")) | H9: =IF($A9="","",SUMIFS(Movimientos!$E$5:$E$504,Movimientos!$B$5:$B$504,$A9,Movimientos!$D$5:$D$504,"Salida")) | I9: =IF($A9="","",F9+G9-H9) | K9: =IF($A9="","",IF(I9<=J9,"REPONER","")) | L9: =IF($A9="","",I9*D9)
G10: =IF($A10="","",SUMIFS(Movimientos!$E$5:$E$504,Movimientos!$B$5:$B$504,$A10,Movimientos!$D$5:$D$504,"Entrada")) | H10: =IF($A10="","",SUMIFS(Movimientos!$E$5:$E$504,Movimientos!$B$5:$B$504,$A10,Movimientos!$D$5:$D$504,"Salida")) | I10: =IF($A10="","",F10+G10-H10) | K10: =IF($A10="","",IF(I10<=J10,"REPONER","")) | L10: =IF($A10="","",I10*D10)
G11: =IF($A11="","",SUMIFS(Movimientos!$E$5:$E$504,Movimientos!$B$5:$B$504,$A11,Movimientos!$D$5:$D$504,"Entrada")) | H11: =IF($A11="","",SUMIFS(Movimientos!$E$5:$E$504,Movimientos!$B$5:$B$504,$A11,Movimientos!$D$5:$D$504,"Salida")) | I11: =IF($A11="","",F11+G11-H11) | K11: =IF($A11="","",IF(I11<=J11,"REPONER","")) | L11: =IF($A11="","",I11*D11)
G12: =IF($A12="","",SUMIFS(Movimientos!$E$5:$E$504,Movimientos!$B$5:$B$504,$A12,Movimientos!$D$5:$D$504,"Entrada")) | H12: =IF($A12="","",SUMIFS(Movimientos!$E$5:$E$504,Movimientos!$B$5:$B$504,$A12,Movimientos!$D$5:$D$504,"Salida")) | I12: =IF($A12="","",F12+G12-H12) | K12: =IF($A12="","",IF(I12<=J12,"REPONER","")) | L12: =IF($A12="","",I12*D12)
G13: =IF($A13="","",SUMIFS(Movimientos!$E$5:$E$504,Movimientos!$B$5:$B$504,$A13,Movimientos!$D$5:$D$504,"Entrada")) | H13: =IF($A13="","",SUMIFS(Movimientos!$E$5:$E$504,Movimientos!$B$5:$B$504,$A13,Movimientos!$D$5:$D$504,"Salida")) | I13: =IF($A13="","",F13+G13-H13) | K13: =IF($A13="","",IF(I13<=J13,"REPONER","")) | L13: =IF($A13="","",I13*D13)
G14: =IF($A14="","",SUMIFS(Movimientos!$E$5:$E$504,Movimientos!$B$5:$B$504,$A14,Movimientos!$D$5:$D$504,"Entrada")) | H14: =IF($A14="","",SUMIFS(Movimientos!$E$5:$E$504,Movimientos!$B$5:$B$504,$A14,Movimientos!$D$5:$D$504,"Salida")) | I14: =IF($A14="","",F14+G14-H14) | K14: =IF($A14="","",IF(I14<=J14,"REPONER","")) | L14: =IF($A14="","",I14*D14)
G15: =IF($A15="","",SUMIFS(Movimientos!$E$5:$E$504,Movimientos!$B$5:$B$504,$A15,Movimientos!$D$5:$D$504,"Entrada")) | H15: =IF($A15="","",SUMIFS(Movimientos!$E$5:$E$504,Movimientos!$B$5:$B$504,$A15,Movimientos!$D$5:$D$504,"Salida")) | I15: =IF($A15="","",F15+G15-H15) | K15: =IF($A15="","",IF(I15<=J15,"REPONER","")) | L15: =IF($A15="","",I15*D15)
G16: =IF($A16="","",SUMIFS(Movimientos!$E$5:$E$504,Movimientos!$B$5:$B$504,$A16,Movimientos!$D$5:$D$504,"Entrada")) | H16: =IF($A16="","",SUMIFS(Movimientos!$E$5:$E$504,Movimientos!$B$5:$B$504,$A16,Movimientos!$D$5:$D$504,"Salida")) | I16: =IF($A16="","",F16+G16-H16) | K16: =IF($A16="","",IF(I16<=J16,"REPONER","")) | L16: =IF($A16="","",I16*D16)
G17: =IF($A17="","",SUMIFS(Movimientos!$E$5:$E$504,Movimientos!$B$5:$B$504,$A17,Movimientos!$D$5:$D$504,"Entrada")) | H17: =IF($A17="","",SUMIFS(Movimientos!$E$5:$E$504,Movimientos!$B$5:$B$504,$A17,Movimientos!$D$5:$D$504,"Salida")) | I17: =IF($A17="","",F17+G17-H17) | K17: =IF($A17="","",IF(I17<=J17,"REPONER","")) | L17: =IF($A17="","",I17*D17)
G18: =IF($A18="","",SUMIFS(Movimientos!$E$5:$E$504,Movimientos!$B$5:$B$504,$A18,Movimientos!$D$5:$D$504,"Entrada")) | H18: =IF($A18="","",SUMIFS(Movimientos!$E$5:$E$504,Movimientos!$B$5:$B$504,$A18,Movimientos!$D$5:$D$504,"Salida")) | I18: =IF($A18="","",F18+G18-H18) | K18: =IF($A18="","",IF(I18<=J18,"REPONER","")) | L18: =IF($A18="","",I18*D18)
G19: =IF($A19="","",SUMIFS(Movimientos!$E$5:$E$504,Movimientos!$B$5:$B$504,$A19,Movimientos!$D$5:$D$504,"Entrada")) | H19: =IF($A19="","",SUMIFS(Movimientos!$E$5:$E$504,Movimientos!$B$5:$B$504,$A19,Movimientos!$D$5:$D$504,"Salida")) | I19: =IF($A19="","",F19+G19-H19) | K19: =IF($A19="","",IF(I19<=J19,"REPONER","")) | L19: =IF($A19="","",I19*D19)
... G104: =IF($A104="","",SUMIFS(Movimientos!$E$5:$E$504,Movimientos!$B$5:$B$504,$A104,Movimientos!$D$5:$D$504,"Entrada")) | H104: =IF($A104="","",SUMIFS(Movimientos!$E$5:$E$504,Movimientos!$B$5:$B$504,$A104,Movimientos!$D$5:$D$504,"Salida")) | I104: =IF($A104="","",F104+G104-H104) | K104: =IF($A104="","",IF(I104<=J104,"REPONER","")) | L104: =IF($A104="","",I104*D104)
B105: TOTAL VALOR DEL INVENTARIO | L105: =SUM(L5:L104) -> 218800
A107: CÓMO USAR:
A108: • Escribe solo en las celdas amarillas. Las demás columnas calculan solas — no las borres ni escribas encima.
A109: • Las primeras filas traen datos de ejemplo: bórralos y escribe los de tu negocio con el mismo formato.

Sheet Movimientos
A1: MOVIMIENTOS DE INVENTARIO
A2: Cada vez que compres (Entrada) o vendas (Salida) un producto, anótalo aquí.
A4: Fecha | B4: Código | C4: Producto | D4: Tipo | E4: Cantidad
A5: 46204 | B5: P001 | C5: =IF($B5="","",IFERROR(INDEX(Inventario!$B$5:$B$104,MATCH($B5,Inventario!$A$5:$A$104,0)),"⚠ código no existe")) -> Arroz 500 g | D5: Entrada | E5: 20
A6: 46206 | B6: P001 | C6: =IF($B6="","",IFERROR(INDEX(Inventario!$B$5:$B$104,MATCH($B6,Inventario!$A$5:$A$104,0)),"⚠ código no existe")) -> Arroz 500 g | D6: Salida | E6: 5
A7: 46206 | B7: P002 | C7: =IF($B7="","",IFERROR(INDEX(Inventario!$B$5:$B$104,MATCH($B7,Inventario!$A$5:$A$104,0)),"⚠ código no existe")) -> Aceite 1 L | D7: Salida | E7: 2
C8: =IF($B8="","",IFERROR(INDEX(Inventario!$B$5:$B$104,MATCH($B8,Inventario!$A$5:$A$104,0)),"⚠ código no existe")) | G8: CÓMO USAR:
C9: =IF($B9="","",IFERROR(INDEX(Inventario!$B$5:$B$104,MATCH($B9,Inventario!$A$5:$A$104,0)),"⚠ código no existe")) | G9: • Escribe solo en las celdas amarillas. Las demás columnas calculan solas — no las borres ni escribas encima.
C10: =IF($B10="","",IFERROR(INDEX(Inventario!$B$5:$B$104,MATCH($B10,Inventario!$A$5:$A$104,0)),"⚠ código no existe")) | G10: • Las primeras filas traen datos de ejemplo: bórralos y escribe los de tu negocio con el mismo formato.
C11: =IF($B11="","",IFERROR(INDEX(Inventario!$B$5:$B$104,MATCH($B11,Inventario!$A$5:$A$104,0)),"⚠ código no existe"))
C12: =IF($B12="","",IFERROR(INDEX(Inventario!$B$5:$B$104,MATCH($B12,Inventario!$A$5:$A$104,0)),"⚠ código no existe"))
C13: =IF($B13="","",IFERROR(INDEX(Inventario!$B$5:$B$104,MATCH($B13,Inventario!$A$5:$A$104,0)),"⚠ código no existe"))
C14: =IF($B14="","",IFERROR(INDEX(Inventario!$B$5:$B$104,MATCH($B14,Inventario!$A$5:$A$104,0)),"⚠ código no existe"))
C15: =IF($B15="","",IFERROR(INDEX(Inventario!$B$5:$B$104,MATCH($B15,Inventario!$A$5:$A$104,0)),"⚠ código no existe"))
C16: =IF($B16="","",IFERROR(INDEX(Inventario!$B$5:$B$104,MATCH($B16,Inventario!$A$5:$A$104,0)),"⚠ código no existe"))
C17: =IF($B17="","",IFERROR(INDEX(Inventario!$B$5:$B$104,MATCH($B17,Inventario!$A$5:$A$104,0)),"⚠ código no existe"))
C18: =IF($B18="","",IFERROR(INDEX(Inventario!$B$5:$B$104,MATCH($B18,Inventario!$A$5:$A$104,0)),"⚠ código no existe"))
C19: =IF($B19="","",IFERROR(INDEX(Inventario!$B$5:$B$104,MATCH($B19,Inventario!$A$5:$A$104,0)),"⚠ código no existe"))
C20: =IF($B20="","",IFERROR(INDEX(Inventario!$B$5:$B$104,MATCH($B20,Inventario!$A$5:$A$104,0)),"⚠ código no existe"))
C21: =IF($B21="","",IFERROR(INDEX(Inventario!$B$5:$B$104,MATCH($B21,Inventario!$A$5:$A$104,0)),"⚠ código no existe"))
C22: =IF($B22="","",IFERROR(INDEX(Inventario!$B$5:$B$104,MATCH($B22,Inventario!$A$5:$A$104,0)),"⚠ código no existe"))
... C504: =IF($B504="","",IFERROR(INDEX(Inventario!$B$5:$B$104,MATCH($B504,Inventario!$A$5:$A$104,0)),"⚠ código no existe"))
