Workbook

Sheet Cotización
A1: NOMBRE DE TU NEGOCIO
A2: NIT / RUT · Teléfono · Dirección
A4: COTIZACIÓN N° | B4: 0001 | D4: Fecha: | E4: 46225
A5: Cliente: | B5: Nombre del cliente | D5: Válida por: | E5: 15 días
A7: Código | B7: Descripción | C7: Cantidad | D7: Precio unitario | E7: Total
A8: S001 | B8: =IF($A8="","",IFERROR(INDEX(Catálogo!$B$4:$B$103,MATCH($A8,Catálogo!$A$4:$A$103,0)),"⚠ código no existe")) -> Instalación básica | C8: 1 | D8: =IF($A8="","",IFERROR(INDEX(Catálogo!$C$4:$C$103,MATCH($A8,Catálogo!$A$4:$A$103,0)),0)) -> 80000 | E8: =IF($A8="","",C8*D8) -> 80000
A9: P001 | B9: =IF($A9="","",IFERROR(INDEX(Catálogo!$B$4:$B$103,MATCH($A9,Catálogo!$A$4:$A$103,0)),"⚠ código no existe")) -> Repuesto estándar | C9: 2 | D9: =IF($A9="","",IFERROR(INDEX(Catálogo!$C$4:$C$103,MATCH($A9,Catálogo!$A$4:$A$103,0)),0)) -> 25000 | E9: =IF($A9="","",C9*D9) -> 50000
B10: =IF($A10="","",IFERROR(INDEX(Catálogo!$B$4:$B$103,MATCH($A10,Catálogo!$A$4:$A$103,0)),"⚠ código no existe")) | D10: =IF($A10="","",IFERROR(INDEX(Catálogo!$C$4:$C$103,MATCH($A10,Catálogo!$A$4:$A$103,0)),0)) | E10: =IF($A10="","",C10*D10)
B11: =IF($A11="","",IFERROR(INDEX(Catálogo!$B$4:$B$103,MATCH($A11,Catálogo!$A$4:$A$103,0)),"⚠ código no existe")) | D11: =IF($A11="","",IFERROR(INDEX(Catálogo!$C$4:$C$103,MATCH($A11,Catálogo!$A$4:$A$103,0)),0)) | E11: =IF($A11="","",C11*D11)
B12: =IF($A12="","",IFERROR(INDEX(Catálogo!$B$4:$B$103,MATCH($A12,Catálogo!$A$4:$A$103,0)),"⚠ código no existe")) | D12: =IF($A12="","",IFERROR(INDEX(Catálogo!$C$4:$C$103,MATCH($A12,Catálogo!$A$4:$A$103,0)),0)) | E12: =IF($A12="","",C12*D12)
B13: =IF($A13="","",IFERROR(INDEX(Catálogo!$B$4:$B$103,MATCH($A13,Catálogo!$A$4:$A$103,0)),"⚠ código no existe")) | D13: =IF($A13="","",IFERROR(INDEX(Catálogo!$C$4:$C$103,MATCH($A13,Catálogo!$A$4:$A$103,0)),0)) | E13: =IF($A13="","",C13*D13)
B14: =IF($A14="","",IFERROR(INDEX(Catálogo!$B$4:$B$103,MATCH($A14,Catálogo!$A$4:$A$103,0)),"⚠ código no existe")) | D14: =IF($A14="","",IFERROR(INDEX(Catálogo!$C$4:$C$103,MATCH($A14,Catálogo!$A$4:$A$103,0)),0)) | E14: =IF($A14="","",C14*D14)
B15: =IF($A15="","",IFERROR(INDEX(Catálogo!$B$4:$B$103,MATCH($A15,Catálogo!$A$4:$A$103,0)),"⚠ código no existe")) | D15: =IF($A15="","",IFERROR(INDEX(Catálogo!$C$4:$C$103,MATCH($A15,Catálogo!$A$4:$A$103,0)),0)) | E15: =IF($A15="","",C15*D15)
B16: =IF($A16="","",IFERROR(INDEX(Catálogo!$B$4:$B$103,MATCH($A16,Catálogo!$A$4:$A$103,0)),"⚠ código no existe")) | D16: =IF($A16="","",IFERROR(INDEX(Catálogo!$C$4:$C$103,MATCH($A16,Catálogo!$A$4:$A$103,0)),0)) | E16: =IF($A16="","",C16*D16)
B17: =IF($A17="","",IFERROR(INDEX(Catálogo!$B$4:$B$103,MATCH($A17,Catálogo!$A$4:$A$103,0)),"⚠ código no existe")) | D17: =IF($A17="","",IFERROR(INDEX(Catálogo!$C$4:$C$103,MATCH($A17,Catálogo!$A$4:$A$103,0)),0)) | E17: =IF($A17="","",C17*D17)
B18: =IF($A18="","",IFERROR(INDEX(Catálogo!$B$4:$B$103,MATCH($A18,Catálogo!$A$4:$A$103,0)),"⚠ código no existe")) | D18: =IF($A18="","",IFERROR(INDEX(Catálogo!$C$4:$C$103,MATCH($A18,Catálogo!$A$4:$A$103,0)),0)) | E18: =IF($A18="","",C18*D18)
B19: =IF($A19="","",IFERROR(INDEX(Catálogo!$B$4:$B$103,MATCH($A19,Catálogo!$A$4:$A$103,0)),"⚠ código no existe")) | D19: =IF($A19="","",IFERROR(INDEX(Catálogo!$C$4:$C$103,MATCH($A19,Catálogo!$A$4:$A$103,0)),0)) | E19: =IF($A19="","",C19*D19)
B20: =IF($A20="","",IFERROR(INDEX(Catálogo!$B$4:$B$103,MATCH($A20,Catálogo!$A$4:$A$103,0)),"⚠ código no existe")) | D20: =IF($A20="","",IFERROR(INDEX(Catálogo!$C$4:$C$103,MATCH($A20,Catálogo!$A$4:$A$103,0)),0)) | E20: =IF($A20="","",C20*D20)
B21: =IF($A21="","",IFERROR(INDEX(Catálogo!$B$4:$B$103,MATCH($A21,Catálogo!$A$4:$A$103,0)),"⚠ código no existe")) | D21: =IF($A21="","",IFERROR(INDEX(Catálogo!$C$4:$C$103,MATCH($A21,Catálogo!$A$4:$A$103,0)),0)) | E21: =IF($A21="","",C21*D21)
B22: =IF($A22="","",IFERROR(INDEX(Catálogo!$B$4:$B$103,MATCH($A22,Catálogo!$A$4:$A$103,0)),"⚠ código no existe")) | D22: =IF($A22="","",IFERROR(INDEX(Catálogo!$C$4:$C$103,MATCH($A22,Catálogo!$A$4:$A$103,0)),0)) | E22: =IF($A22="","",C22*D22)
D24: Subtotal | E24: =SUM(E8:E22) -> 130000
C25: 0.19 | D25: Impuesto (%) | E25: =E24*C25 -> 24700
D26: TOTAL | E26: =E24+E25 -> 154700
A28: Condiciones: 50% de anticipo para iniciar. Precios sujetos a cambio después de la fecha de validez.
A30: CÓMO USAR:
A31: • Escribe solo en las celdas amarillas. Las demás columnas calculan solas — no las borres ni escribas encima.
A32: • Las primeras filas traen datos de ejemplo: bórralos y escribe los de tu negocio con el mismo formato.
A33: Nota: si el impuesto no aplica a tu negocio, pon 0% en la celda amarilla del impuesto.

Sheet Catálogo
A1: CATÁLOGO DE PRODUCTOS Y SERVICIOS
A3: Código | B3: Descripción | C3: Precio unitario
A4: S001 | B4: Instalación básica | C4: 80000
A5: S002 | B5: Mantenimiento mensual | C5: 50000
A6: P001 | B6: Repuesto estándar | C6: 25000
E8: CÓMO USAR:
E9: • Escribe solo en las celdas amarillas. Las demás columnas calculan solas — no las borres ni escribas encima.
E10: • Las primeras filas traen datos de ejemplo: bórralos y escribe los de tu negocio con el mismo formato.
